id,name,email,gender,signup_date,last_login_date,last_login_time,point
680,Rayner Elston,relstoniv@wunderground.com,남,7/18/2019,2/15/2020,6:21 AM,999042.82
253,Malina Marchington,mmarchington70@homestead.com,여,12/21/2019,3/19/2020,6:00 PM,997578.17
316,Jerry Skough,jskough8r@soup.io,남,5/19/2019,1/14/2020,1:54 AM,995559.99
716,Nikolaus Prandin,nprandinjv@newsvine.com,남,5/5/2019,4/30/2020,5:08 AM,995543.08
805,Arch Verdon,averdonmc@jigsy.com,남,5/14/2019,3/25/2020,9:24 PM,995172.02
677,Lonnard Archbold,larchboldis@cafepress.com,남,12/14/2019,2/26/2020,6:09 AM,993377.18
870,Hashim Relton,hreltono5@naver.com,남,11/12/2019,2/18/2020,10:01 PM,993340.57
34,Rance Keuntje,rkeuntjex@amazon.de,남,8/6/2019,3/27/2020,10:56 AM,991811.91
103,Drusi Patnelli,dpatnelli2u@goodreads.com,여,7/24/2019,4/11/2020,2:59 PM,989449.05
587,Ricard Mundy,rmundyga@theatlantic.com,남,8/29/2019,4/9/2020,12:48 PM,988920.44
414,Carilyn Waterworth,cwaterworthbh@hao123.com,여,7/2/2019,4/14/2020,6:25 PM,988852.88
756,Marsh Dametti,mdamettikz@redcross.org,남,5/7/2019,4/27/2020,11:50 AM,988600.40
4,Baxie Dupoy,bdupoy3@i2i.jp,남,10/23/2019,1/21/2020,8:35 AM,988514.69
879,Danie Cunniff,dcunniffoe@paypal.com,남,6/9/2019,4/22/2020,8:57 PM,987995.91
486,Jonah Donet,jdonetdh@godaddy.com,남,11/5/2019,4/12/2020,3:41 PM,985776.42
294,Eduino Rafter,erafter85@last.fm,남,6/12/2019,1/30/2020,1:25 PM,984056.90
985,Obadiah Signori,osignorirc@adobe.com,남,6/29/2019,2/21/2020,1:03 AM,983586.36
535,Darby Massie,dmassieeu@facebook.com,여,12/25/2019,5/4/2020,2:00 PM,983494.84
216,Northrop Reach,nreach5z@addthis.com,남,5/18/2019,4/16/2020,9:44 AM,981453.29
191,Sanderson Symonds,ssymonds5a@sun.com,남,9/14/2019,2/27/2020,1:33 AM,979822.10
348,Brennen Mazzilli,bmazzilli9n@eepurl.com,남,6/1/2019,3/8/2020,11:52 AM,979529.08
646,Smith Haile,shailehx@wikimedia.org,남,7/23/2019,3/19/2020,3:02 PM,978608.79
241,Dannie Meech,dmeech6o@myspace.com,남,10/18/2019,3/3/2020,9:00 AM,978051.99
596,Devi Konke,dkonkegj@tripadvisor.com,여,10/7/2019,2/13/2020,9:00 PM,977996.94
457,Marrissa Batiste,mbatisteco@sitemeter.com,여,11/16/2019,5/6/2020,12:42 PM,977266.81
435,Blair Corriea,bcorrieac2@irs.gov,남,10/25/2019,2/26/2020,11:40 AM,977126.59
877,Roze Divver,rdivveroc@rakuten.co.jp,여,9/3/2019,5/6/2020,4:10 PM,976648.81
707,Lianne Tal,ltaljm@surveymonkey.com,여,7/25/2019,2/18/2020,4:17 PM,976365.88
409,Renard Beagley,rbeagleybc@businessweek.com,남,10/8/2019,2/9/2020,6:50 PM,976267.02
672,Gar Lankford,glankfordin@wunderground.com,남,8/20/2019,5/12/2020,10:19 PM,976106.76
552,Curt Sweedland,csweedlandfb@earthlink.net,남,8/24/2019,4/17/2020,10:57 PM,976041.34
964,Winnah Brasier,wbrasierqr@geocities.com,여,5/14/2019,4/30/2020,12:38 PM,974690.94
365,Sigismund Epgrave,sepgravea4@shutterfly.com,남,11/4/2019,1/5/2020,11:46 AM,973733.33
452,Maximo Greenslade,mgreensladecj@ucoz.com,남,7/24/2019,2/22/2020,3:43 AM,973534.99
822,Lilyan MacAnelley,lmacanelleymt@smh.com.au,여,11/12/2019,1/1/2020,1:36 PM,972302.82
794,Corrine Hallowell,challowellm1@smugmug.com,여,11/3/2019,5/8/2020,9:38 AM,971820.56
340,Natalee Leverette,nleverette9f@fotki.com,여,8/16/2019,2/16/2020,5:00 PM,971460.95
97,Stewart Geaveny,sgeaveny2o@accuweather.com,남,12/26/2019,4/26/2020,2:57 PM,970278.07
886,Thorstein Tyzack,ttyzackol@pcworld.com,남,12/18/2019,4/3/2020,5:23 PM,969889.17
374,Eugenia Gamett,egamettad@mapquest.com,여,5/16/2019,3/3/2020,4:23 PM,968084.70
641,Bryn Marusik,bmarusikhs@abc.net.au,여,7/16/2019,3/17/2020,6:08 PM,964181.84
837,Queenie Duester,qduestern8@shinystat.com,여,6/24/2019,3/4/2020,3:24 PM,963593.66
136,Onida Dilgarno,odilgarno3r@prlog.org,여,8/6/2019,5/4/2020,9:50 AM,963280.98
49,Steward Grunnell,sgrunnell1c@sohu.com,남,6/3/2019,2/10/2020,5:49 AM,961473.63
977,Henrieta Deverock,hdeverockr4@myspace.com,여,6/21/2019,5/7/2020,3:57 PM,961422.81
210,Jakob Jocelyn,jjocelyn5t@delicious.com,남,9/26/2019,2/7/2020,12:14 AM,958673.38
497,Deeanne Calcraft,dcalcraftds@yolasite.com,여,7/3/2019,1/24/2020,3:30 PM,958433.97
706,Katee Wye,kwyejl@vinaora.com,여,10/19/2019,4/2/2020,1:44 PM,958385.89
482,Salem Galpen,sgalpendd@wunderground.com,남,8/14/2019,5/13/2020,9:14 PM,956746.22
866,Noellyn Steffans,nsteffanso1@shutterfly.com,여,11/5/2019,4/26/2020,2:25 PM,956192.50
330,Carleton Cromblehome,ccromblehome95@bluehost.com,남,9/11/2019,3/5/2020,2:02 PM,955546.87
511,Abram Mansford,amansforde6@oracle.com,남,11/17/2019,1/2/2020,6:01 PM,955478.03
919,Adams Lapere,alaperepi@newyorker.com,남,11/23/2019,1/1/2020,11:54 AM,953922.58
995,Ross Druce,rdrucerm@macromedia.com,남,10/26/2019,2/19/2020,9:41 PM,953759.19
186,Selene Beaton,sbeaton55@mozilla.org,여,12/22/2019,1/21/2020,8:24 AM,953186.70
326,Sheree Le Page,slepage91@ed.gov,여,11/4/2019,2/7/2020,9:31 PM,949865.08
301,Linet Poytres,lpoytres8c@ebay.co.uk,여,10/30/2019,1/17/2020,12:49 AM,948888.04
821,Warner Cristofolini,wcristofolinims@merriam-webster.com,남,7/23/2019,2/6/2020,10:29 PM,948663.97
687,Clarice Goom,cgoomj2@shutterfly.com,여,11/18/2019,3/24/2020,10:39 AM,947467.57
662,Jarid Quipp,jquippid@myspace.com,남,8/4/2019,3/14/2020,8:44 AM,947362.74
105,Briano Lasseter,blasseter2w@histats.com,남,8/30/2019,5/11/2020,4:20 AM,945472.11
146,Ross Dugget,rdugget41@intel.com,남,9/29/2019,3/20/2020,7:15 AM,945120.75
218,Rudiger Commucci,rcommucci61@ehow.com,남,11/13/2019,4/20/2020,5:40 PM,943379.66
407,Florian Augur,faugurba@dailymail.co.uk,남,8/11/2019,3/15/2020,1:08 AM,942575.59
547,Walt Jobbins,wjobbinsf6@wikipedia.org,남,12/9/2019,3/9/2020,4:18 AM,941901.33
625,Dore Spyer,dspyerhc@newyorker.com,여,8/1/2019,4/9/2020,12:55 AM,941825.79
799,Serge Pattlel,spattlelm6@etsy.com,남,10/28/2019,5/6/2020,10:13 PM,940182.33
580,Joni Gerriet,jgerrietg3@homestead.com,여,9/20/2019,3/31/2020,7:28 PM,938397.35
125,Selma Itzig,sitzig3g@quantcast.com,여,11/11/2019,3/25/2020,3:33 PM,934137.02
768,Pierre MacNess,pmacnesslb@com.com,남,11/17/2019,4/7/2020,11:33 AM,929554.69
71,Christie Aggett,caggett1y@bbb.org,남,7/16/2019,4/16/2020,8:41 PM,929371.97
490,Maire Keddie,mkeddiedl@cnn.com,여,6/2/2019,4/18/2020,1:19 AM,926764.59
568,Jo Facey,jfaceyfr@miitbeian.gov.cn,여,7/10/2019,2/22/2020,6:24 AM,925916.29
405,Rosemary McClifferty,rmccliffertyb8@youtu.be,여,8/9/2019,5/13/2020,4:12 PM,924231.29
37,Hymie Hairsnape,hhairsnape10@google.pl,남,7/20/2019,4/15/2020,8:22 AM,922158.37
694,Jacquie Laudham,jlaudhamj9@cargocollective.com,여,6/2/2019,1/14/2020,3:25 PM,922099.77
876,Kim Fairfoull,kfairfoullob@gov.uk,여,8/27/2019,2/24/2020,6:53 AM,922051.58
681,Geri Jolland,gjollandiw@sakura.ne.jp,여,12/14/2019,1/7/2020,4:28 PM,920897.42
667,Maximilianus Pauleau,mpauleauii@ovh.net,남,11/15/2019,2/25/2020,11:13 PM,920630.84
963,Ulises Lismer,ulismerqq@slate.com,남,6/20/2019,2/3/2020,8:56 AM,919407.15
92,Ephrayim Simpkiss,esimpkiss2j@china.com.cn,남,8/8/2019,1/6/2020,2:03 PM,918480.06
192,Roosevelt Huck,rhuck5b@ning.com,남,12/1/2019,4/23/2020,7:56 AM,916392.53
791,Glennie Heatly,gheatlyly@comsenz.com,여,9/20/2019,2/24/2020,11:36 AM,915254.59
396,Basil Dand,bdandaz@reuters.com,남,12/28/2019,1/6/2020,12:41 AM,914166.32
780,Josselyn Rycroft,jrycroftln@usda.gov,여,8/17/2019,2/19/2020,4:10 PM,913694.17
614,Oswell Burkinshaw,oburkinshawh1@apache.org,남,11/1/2019,4/24/2020,7:41 PM,913201.06
162,Nani Seeks,nseeks4h@parallels.com,여,9/23/2019,1/2/2020,12:20 AM,911122.42
918,Sharia Hambrick,shambrickph@miitbeian.gov.cn,여,10/24/2019,2/27/2020,6:44 PM,909887.61
329,Karin De Hooge,kdehooge94@arizona.edu,여,11/14/2019,4/23/2020,9:17 AM,909722.46
758,Krissy Cathee,kcatheel1@wordpress.com,여,5/27/2019,2/16/2020,6:44 AM,909606.35
25,Markos Kelle,mkelleo@freewebs.com,남,10/12/2019,3/3/2020,1:01 PM,909323.19
190,Britt Harfleet,bharfleet59@baidu.com,남,9/14/2019,1/30/2020,1:37 AM,908223.66
434,Kylila Newark,knewarkc1@wikipedia.org,여,6/4/2019,2/4/2020,10:02 AM,907820.22
347,Kyle Maureen,kmaureen9m@jiathis.com,남,10/28/2019,3/3/2020,1:03 AM,907494.13
765,Haze Scotfurth,hscotfurthl8@merriam-webster.com,남,9/22/2019,4/26/2020,1:09 PM,906807.62
767,Fabien Garioch,fgariochla@tuttocitta.it,남,9/12/2019,4/26/2020,7:47 AM,906281.32
973,Elisa Milleton,emilletonr0@globo.com,여,8/8/2019,2/1/2020,6:48 AM,906184.32
930,Minta Fuentez,mfuentezpt@ucsd.edu,여,11/18/2019,4/27/2020,9:36 PM,905438.97
856,Alberto Bartlomiejczyk,abartlomiejczyknr@gov.uk,남,7/24/2019,2/20/2020,12:04 PM,904135.55
124,Valentine Ricciardello,vricciardello3f@simplemachines.org,여,10/2/2019,4/23/2020,11:51 AM,901283.54
